{"reg_dzdt":0,"reg_l1_sparse":0,"_step":61,"loss":0.001963196787983179,"best_loss":0.0019303946755826473,"mse":0.001963196787983179,"step":6000,"final_loss":0.0019303946755826473,"_wandb":{"runtime":45},"loss_curves":{"sha256":"91565634ffcb1bc4183eac0845db04483f85e87ba2ee3837405733bb4f1e5efe","size":27820,"path":"media/images/loss_curves_61_91565634ffcb1bc4183e.png","format":"png","width":1000,"height":600,"_type":"image-file"},"_timestamp":1.7442682462704415e+09,"_runtime":45.901598687,"final_model_params":{"sha256":"7b8fc83b8580f1c8a697c3c7e83730037e8dfe4ec55adf10c59b14c73033c96c","size":5776,"path":"media/images/final_model_params_61_7b8fc83b8580f1c8a697.png","format":"png","width":1200,"height":800,"_type":"image-file"}}