{"_timestamp":1.7442686123559551e+09,"step":900,"_runtime":15.133485141,"loss_curves":{"size":34020,"path":"media/images/loss_curves_10_a5a31fe33ed29248dcdc.png","format":"png","width":1000,"height":600,"_type":"image-file","sha256":"a5a31fe33ed29248dcdcf9ed9d51807bc707755a30b9417340ce713f6c7c34af"},"_wandb":{"runtime":15},"_step":10,"reg_l1_sparse":0,"final_loss":0.004877783823758364,"loss":0.0059119416400790215,"mse":0.0059119416400790215,"reg_dzdt":0,"best_loss":0.0059119416400790215,"final_model_params":{"path":"media/images/final_model_params_10_96c11898b2e09d491e7d.png","format":"png","width":1500,"height":1000,"_type":"image-file","sha256":"96c11898b2e09d491e7d9daf49faf7ef337b352b18b7317a015a8900c12e65ed","size":58007}}