{"_step":60,"mse":0.002777509391307831,"loss":0.002777509391307831,"reg_l1_sparse":0,"_runtime":42.876918835,"best_loss":0.001911814440973103,"_wandb":{"runtime":43},"reg_dzdt":0,"step":6000,"_timestamp":1.7442681474426064e+09}