{"reg_dzdt":0,"step":6000,"_wandb":{"runtime":42},"loss":0.001912483130581677,"_step":60,"reg_l1_sparse":0,"mse":0.001912483130581677,"_runtime":41.53789653,"best_loss":0.001853746478445828,"_timestamp":1.744268413898764e+09}