{"_step":133,"_runtime":703.531511514,"_timestamp":1.7442678045524082e+09,"step":13300,"_wandb":{"runtime":704},"mse":0.0019092694856226444,"reg_l1_sparse":0,"reg_dzdt":0,"loss":0.0019092694856226444,"best_loss":0.001870166277512908}